id;postid;pic;picpath;is_active;is_enable;added_by;added_on;updated_by;updated_on;approved_by;approved_on;comments;remarks;org_id;status
1;3154;Synchronised Pound;Handmade COM;4017;3539;89534;2022-10-07;43743;2022-10-06;85200;2022-10-06;Small azure Branch;Sleek Chair pink;6232;65372
2;98122;Frozen Generic;AGP;84617;57729;71278;2022-10-06;21699;2022-10-06;18506;2022-10-06;Assistant Supervisor THX;services Mews Kong;4782;20169
3;70065;Computer communities;salmon Account Computer;99756;71393;54519;2022-10-06;89884;2022-10-07;63283;2022-10-07;stable silver;visionary Berkshire Steel;56490;92639
4;93449;mobile invoice Central;Cyprus;66286;83136;59168;2022-10-06;22690;2022-10-06;95124;2022-10-07;Highway;grow homogeneous;62650;35441
5;64041;systems holistic users;Burgs 1080p;5026;76059;49805;2022-10-06;54546;2022-10-06;81710;2022-10-06;deposit;connecting Japan;45657;78361
6;24178;Plastic bandwidth National;program Fiji Steel;28662;56515;15682;2022-10-06;61766;2022-10-06;67767;2022-10-06;Zloty;redundant Quality;61440;5889
7;39861;programming;Sausages Extensions;98733;5535;40584;2022-10-06;35160;2022-10-07;91102;2022-10-06;interface Response;Public-key directional;73782;12874
8;56701;Garden;withdrawal National transmitter;83668;74931;68675;2022-10-06;39983;2022-10-06;29402;2022-10-06;Intelligent Shirt Dollar;Gateway optimal Fresh;25990;30560
9;30906;Terrace quantifying;Concrete SAS;33349;39047;74593;2022-10-06;48463;2022-10-07;82899;2022-10-07;Director calculate;copying;3167;2411
10;75629;Knolls;white;33700;79028;6301;2022-10-07;81067;2022-10-06;57053;2022-10-07;Texas payment archive;channels Refined;48281;52849
