id;user_id;user_type;name;lastname;is_active;activated_by;activated_on;dob;gender;phone_area;phno;email_1;email_2;request_dt;caste;sub_caste;valid_id;valid_id_type;valid_id_no;valid_valid_till;reffered_by;relationwith;relation_type;issuing_country;status;comment;other_info;allergic_drug_1;module_ky;table_ky;allergic_drug_2;comments;remarks;extra_fields;column_1;column_2;column_3;hobbies;other_activities;password;role;path;role_type;added_by;added_on;updated_by;updated_on;approved_by;approved_on;language;hist;layout;security_key_status;hash_code;encryption_status;encrypted_password;zone;org_id;job;present_address;permanent_address;workcompany;work_address
1;Officer;64313;Utah Automotive mobile;Georgia Comoros magenta;back-end Movies;Games hack withdrawal;2022-10-06;2022-10-06;Outdoors;Cove Operations drive;Tools cutting-edge feed;Officer Pizza firewall;Account Montana;2022-10-06;94459;63027;pink paradigms calculating;66246;tangible interface;2022-10-06;72660;85204;88009;89235;52122;Operations Tools;Rubber Reverse-engineered;primary moderator Guinea-Bissau;89052;58714;orchestrate Forest and;Dynamic;bandwidth Designer;Handcrafted;York;16387;Bacon Ville Integration;transmit Incredible Towels;Small GB Keyboard;Buckinghamshire solutions;Cloned Germany Rustic;65934;deposit Beauty;30051;2022-10-06;72337;2022-10-07;93177;2022-10-06;Cambridgeshire;Organic Market;Bedfordshire;Sleek;Orchestrator Implemented;74713;Macedonia user-facing adapter;Tasty;62843;auxiliary;76743;43690;1080p Mall synthesize;23254
2;national Paradigm Bangladesh;27381;Movies Interface tertiary;navigate Pizza;hack;withdrawal;2022-10-06;2022-10-06;Licensed withdrawal;Practical Cambridgeshire;Cambridgeshire;multi-tasking Burundi;Belarus panel;2022-10-06;44326;51062;generate Salad project;82884;alliance experiences Fresh;2022-10-06;60004;89771;55069;53127;74510;hack Shore;Factors indigo;mindshare;76081;48141;Tuna;Steel azure;virtual Ameliorated;Granite Response Cambridgeshire;Avon;22367;driver client-driven;Tools auxiliary;incentivize;Taka Outdoors logistical;firewall Avon Direct;2324;Directives;61638;2022-10-06;64366;2022-10-07;10224;2022-10-07;innovative;1080p copy driver;composite;Dynamic Well;matrix Function-based generate;16074;Salad;Glen action-items;90381;Hawaii;4990;8490;Monitored;7594
3;Pataca didactic Synchronised;59856;Suriname FTP Granite;Generic Seychelles Decentralized;virtual Music Handmade;full-range;2022-10-06;2022-10-06;FTP;bus Chair;Islands Intranet;Frozen Latvia;Automotive copy;2022-10-07;97547;82513;Functionality Loan;90240;Minnesota non-volatile;2022-10-06;13308;76691;2538;71118;29040;Plaza;radical portals;calculate discrete Guam;27895;86574;Rustic;optimizing;system envisioneer;Sleek Account;Auto holistic Rubber;12592;application Checking;Sleek;Cyprus Cheese Zimbabwe;Corporate;Planner Myanmar Arizona;78695;feed;25517;2022-10-07;905;2022-10-06;13903;2022-10-06;Rubber;Mountain Product;Directives;Jersey supply-chains;Zealand Angola Wooden;92274;Synergized toolset Towels;open-source Diverse;96788;deposit;70841;76756;Quality Lari;55562
4;Flats scale;97870;card PCI;Bacon;XML;next-generation;2022-10-07;2022-10-06;Greece olive Configuration;transmitting Persevering payment;Senior Small;Soft;Greenland Jewelery;2022-10-07;50453;84584;Pants;42434;Mobility Implementation Computer;2022-10-07;68558;73453;65475;85089;73515;Brook;Junction synthesize Steel;Jersey invoice Pennsylvania;22175;3948;Keyboard payment Soft;EXE Alaska;recontextualize Green;Grocery Cambridgeshire Developer;Computers;78449;Architect Central;multi-tasking;applications Fresh Bedfordshire;array;Switchable Gorgeous;83169;Tennessee deposit;83625;2022-10-06;5255;2022-10-06;53065;2022-10-06;IB withdrawal withdrawal;action-items Senior;mindshare Games;Chad groupware;Rapids Granite;41044;modular synthesizing transform;Liaison Oklahoma;19859;Sleek;26748;14191;deposit Krone;13806
5;Awesome;98503;knowledge;connecting Assistant B2C;ROI technologies Front-line;maroon;2022-10-06;2022-10-06;Central teal;Auto Multi-lateral e-markets;Computers;global Group;Associate interface customized;2022-10-07;57258;63304;Ethiopian;32219;indexing Avon back;2022-10-06;9382;6233;43432;39791;89455;Fish multi-byte Devolved;Personal analyzing;action-items program;42078;28780;Technician THX Bermuda;methodology panel payment;redundant;plum Checking bypass;Maryland leading-edge;58432;panel Future;Steel;payment Outdoors;bricks-and-clicks Generic;Incredible brand Wyoming;68771;Practical Pizza;85043;2022-10-06;60697;2022-10-07;54380;2022-10-06;Bedfordshire Circles Palestinian;USB;blue bleeding-edge;Consultant invoice Omani;Chief Loan calculating;56130;capacitor solutions Total;multi-byte;97888;Fantastic;30760;88723;Lead;25618
6;Associate fuchsia;5884;Kwacha target American;Account Granite Handmade;front-end;integrated Investment Cotton;2022-10-07;2022-10-07;blue;Saint connecting integrated;system;Officer Checking;gold Plain;2022-10-06;96837;38092;dot-com Tanzania Organized;278;Dollar Incredible;2022-10-06;48119;63390;12228;82714;73144;Viaduct Ball Bike;black Metal;Mozambique visualize Bedfordshire;23496;30709;transform;leverage New;end-to-end cohesive Associate;networks Shoes synergies;Maryland;46392;system Vermont Communications;Brand grow;Alaska connect Niue;SDD;sexy;29595;up Steel;40753;2022-10-07;23294;2022-10-06;3495;2022-10-06;Berkshire Intelligent product;backing;Berkshire back;Toys Steel;Republic bandwidth;8772;architecture Pass;Shoes Garden;37429;connecting Planner Home;23149;21431;emulation Market;41241
7;interface needs-based;15144;Awesome withdrawal;mobile Pants Tasty;Credit adapter Ergonomic;capacitor Coordinator;2022-10-07;2022-10-07;viral Steel SMTP;green Account;deposit orange Chicken;Wall Car XML;pixel bottom-line;2022-10-06;14692;54365;Stream Checking back-end;23746;Baby Peru;2022-10-06;15850;52065;57009;29518;92185;Integration;Market impactful;Industrial Licensed Market;99341;99393;Central;Research;Sleek;drive;generate Orchestrator Cambridgeshire;57857;Internal Applications viral;Uganda Unbranded;Handcrafted cross-platform deposit;motivating Oregon;Lesotho framework;67075;Soft Developer;74183;2022-10-06;54373;2022-10-06;46887;2022-10-06;generate Chicken;Communications repurpose;Interactions XSS;Peso optical backing;orchestration Personal;53314;Account Rubber invoice;hack transmitting Soap;4251;Berkshire compress interface;96027;39759;Turkey Squares Compatible;77155
8;solution-oriented Chicken Cambridgeshire;8292;convergence Pines SCSI;Credit Marketing;Salad Plastic;silver 1080p impactful;2022-10-06;2022-10-07;Facilitator local Uganda;haptic;Course Buckinghamshire;bypassing Table Officer;wireless Mexico Multi-channelled;2022-10-07;72454;85161;aggregate Vermont leading-edge;5707;US Fish Berkshire;2022-10-07;41067;89941;74944;61159;67478;Bike;paradigms Rustic;Islands Executive;6852;82318;Shoes Extended;Steel;Qatari;Associate Hampshire;Shoal wireless;24149;online Security Handcrafted;niches;solutions;payment;ADP Cambridgeshire;12334;Monaco revolutionary;76079;2022-10-06;49324;2022-10-06;6817;2022-10-06;Directives;non-volatile Rubber;Garden cyan;killer Fresh;Strategist USB;77946;Rubber;Product;55932;solution-oriented;29915;92767;Shirt Martin;40904
9;coherent Consultant;58950;Principal;Account Granite;IB;Forges Carolina;2022-10-06;2022-10-06;Connecticut Intelligent incremental;web-readiness Chicken Borders;Cambridgeshire Mandatory generating;Iowa;Global Soft Incredible;2022-10-06;38160;43081;hacking Heights;32046;tan sky;2022-10-07;1127;83247;97973;68260;5907;time-frame auxiliary Oregon;Awesome;Handmade;82686;12657;Franc Kentucky;Checking;Cliffs;Louisiana;withdrawal Mexico online;43674;Tuvalu lavender;sky plug-and-play;SSL bluetooth;Checking firewall;Fundamental New Micronesia;56514;Tuna;75688;2022-10-06;16500;2022-10-06;55462;2022-10-06;Connecticut;neural;Accountability Switchable;Soft feed empower;National;3520;HTTP Customer-focused;Computers Music;61897;B2B sky CSS;76548;86423;Hat synergies;63081
10;Frozen Underpass;22712;Dollar Unbranded Palladium;connect port Granite;mobile transparent silver;Mobility fault-tolerant Sausages;2022-10-06;2022-10-06;Plastic Dollar);Interactions Corporate Infrastructure;Dynamic Wall matrices;Infrastructure Pound;Towels;2022-10-06;8185;79192;Practical Home;61248;Operations Liaison out-of-the-box;2022-10-06;37274;90089;11426;10084;76681;hacking Programmable revolutionize;Liaison Borders;firewall;23865;78243;navigate;Handcrafted;Morocco Soft Steel;Indiana Loan world-class;Kina Engineer HTTP;62276;Regional CSS Investment;feed generation hacking;Bedfordshire Account;calculating Zloty;Cheese;89212;SCSI Berkshire;75614;2022-10-07;83741;2022-10-06;71677;2022-10-06;Configuration Nevada aggregate;Fantastic;calculate Chicken;Integration Concrete Outdoors;compressing;28692;methodologies compress;granular Cambridgeshire Lead;54827;Loan;1059;98274;override;87721
